PDS Element,Justification
Sustainable Materials Selection,"To minimize environmental impact, materials will be selected based on recyclability, low embodied energy, and ethical sourcing, with a focus on materials that are easily separable for recycling. A cradle-to-grave LCA will be performed, prioritizing materials with certified low embodied energy and minimal ecotoxicity.; The hair dryer housing will incorporate a minimum of 75% post-consumer recycled (PCR) ABS plastic, and internal components will target 90% PCR polypropylene (PP). Material sourcing will be documented to ensure consistency and recyclability. The heating element will exclusively use ceramic due to its superior recyclability and lower environmental impact compared to advanced alloys.; All packaging materials, including inks, will be 100% recycled and certified as easily recyclable (e.g., FSC Recycled certified).; Key suppliers must hold ISO 14001 certification and adhere to Fair Trade or equivalent ethical labor standards, subject to a clear auditing process. Cradle to Cradle certification will be prioritized for key components."
Energy Efficiency,"The hair dryer will achieve a target wattage of 1400W or less, exceeding Energy Star requirements by at least 20% and demonstrating a minimum 30% energy saving compared to a benchmark of three specific conventional high-performance dryers (e.g., Dyson Supersonic, BaBylissPRO Nano Titanium, Conair InfinitiPro).; A high-efficiency brushless DC (BLDC) motor will be utilized. A thorough cost-benefit analysis will justify its selection against long-term energy savings and durability, targeting a payback period of under 3 years for the additional upfront cost.; Intelligent heat sensing will maintain optimal drying temperatures (60-80°C at nozzle exit) with a precision of +/- 2°C, preventing hair damage and minimizing energy waste. An auto-shutoff feature will engage after 15 minutes of inactivity.; The expected annual energy saving per unit, compared to a benchmark dryer, will be quantified based on average usage patterns."
Durability and Longevity,"The hair dryer will be designed for a minimum operational lifespan of 2000 hours of continuous use, supported by specific material grades and performance metrics for key components. For example, the motor will be rated for 2000 hours, and the heating element for 5000 hours.; Rigorous drop testing will be conducted: 10 drops from 1.2 meters onto a concrete surface from various orientations. The casing will be quantified for resistance to common household chemicals (e.g., hairspray, styling mousse) and UV degradation using ASTM standards.; The design will prioritize modularity, utilizing standardized, easily accessible components and fasteners. Spare parts will be guaranteed available for a minimum of 7 years post-production, and the product will be designed for at least 10 disassembly/reassembly cycles without functional compromise."
Reduced Noise Pollution,"The target maximum noise level will be 75 dB at 1 meter during normal operation. Acoustic dampening materials, such as recycled PET felt with sound absorption coefficients >0.7 at 2000 Hz, will be integrated.; Fan blade design will be optimized using CFD analysis and wind tunnel testing for both aerodynamic efficiency and noise reduction. Fan components will be made from easily recyclable materials (e.g., PP) and designed for simple separation.; The design will minimize noise from air turbulence at the nozzle and vents. The overall noise profile will be analyzed and tuned to reduce high-frequency components."
Ergonomics and User Comfort,"The hair dryer will feature balanced weight distribution, targeting under 550g (excluding cord), with a handle grip designed for comfort across a wide range of hand sizes. Non-slip grips will be made from recycled TPE, compatible with the main housing material for single-stream recycling.; Controls will be intuitively placed with tactile feedback. The design will not compromise disassembly or repairability, ensuring access to internal components is maintained.; The power cord will be a minimum of 2.5 meters, flexible, and tangle-resistant, designed to withstand significant bending cycles for enhanced user comfort and safety."
Product End-of-Life Management,"The product will mandate zero permanent adhesives. All fasteners will be standard, easily removable types (e.g., screws, robust clips), allowing for disassembly within 5 steps using common tools. All components will be clearly labeled with material types per ISO 11469.; A detailed operational plan for the take-back program will be developed, including logistics, management, and consumer incentives (e.g., discount on future purchases). Clear, accessible disassembly and repair guides will be provided online.; Repairability will be prioritized as the primary end-of-life strategy. Components not user-replaceable must be easily serviceable by authorized technicians."
Safety Features,"The hair dryer will meet and exceed UL and CE certifications, including IEC 60335 requirements, and will feature double insulation. Overheat protection will be designed for reliability and ease of repair/replacement.; If a component is not user-replaceable, it must be designed for easy servicing by authorized technicians. The power cord will be made from recyclable materials and be easily detachable from the main unit for separate recycling.; A cool shot function will provide ambient temperature air for at least 10 seconds, with the 'cool' setting not exceeding 30°C. The design will prevent electrical hazards and burns from hot surfaces."
Performance and Functionality,"Drying times will be demonstrably faster than benchmark dryers, quantified by the time to dry a standardized volume of hair under controlled conditions. The airflow rate will be at least 65 CFM with a heat output of 80°C at the nozzle.; Attachments (concentrator, diffuser) will be designed for durability, ease of cleaning, and simple detachment/replacement. Their performance in terms of airflow concentration and distribution will be validated.; Consistent performance will be maintained throughout the product's 2000-hour lifespan through the use of durable components and the design's emphasis on repairability."
Aesthetics and Design Language,"The design will feature a minimalist aesthetic with low-VOC finishes and paints, using natural color palettes. Colorants and finishes will be non-toxic and will not hinder the recyclability of underlying plastic components.; Finishes will be durable and tested for scratch and wear resistance. The design will prioritize minimalist aesthetics that do not compromise access for repair or disassembly.; The overall form factor will be sleek and ergonomic, contributing to a premium user experience while clearly communicating the product's sustainable ethos."
Cost-Effectiveness and Affordability,"A comprehensive Life Cycle Cost Analysis (LCCA) will quantify upfront manufacturing, in-use energy savings, repair costs, and end-of-life management. The target retail price is $120-$150 USD with a maximum BOM of $40.; Features will be prioritized based on the best balance of sustainability, performance, and feasibility. For tiered offerings, all tiers must adhere to core circularity principles: disassembly, repairability, and recyclability.; The cost-effectiveness will be demonstrated by highlighting the total cost of ownership, including significant energy savings and extended product lifespan, alongside the initial purchase price."
