Element,Critique
Core Functionality: Effective Plaque Removal,"The Product Design Specification (PDS) must precisely define the motion type (e.g., sonic, oscillating-rotating), target oscillation/vibration frequency, bristle stiffness, and any pressure sensor requirements to ensure 'clinically proven' effectiveness. Quantify performance metrics (e.g., target RPM, force feedback thresholds) to guide material selection and manufacturing processes for optimal performance and reliability."
Sustainability: Biodegradable/Recyclable Materials,"Prioritize the use of mono-materials for the main handle and brush head housing, specifically high-performance, recyclable plastics such as specific grades of PP, chosen for durability and water resistance. Avoid PLA due to brittleness and moisture sensitivity. If PHA is used, it must be justified by significant performance benefits and cost-effectiveness, with clear end-of-life pathways. Clearly label all materials for recycling. Specify material origins, favoring post-consumer recycled (PCR) content where feasible without compromising performance or safety."
Sustainability: Energy Efficiency and Longevity,"Quantify targets for energy consumption per brushing cycle (e.g., Wh/cycle) and standby power consumption of the charging base. Specify a target product lifespan in years (e.g., 5-7 years) and battery lifespan in charge cycles (e.g., >1000 cycles) or years. Design for a user-replaceable battery module using robust mechanical fasteners (screws or secure snap-fits) to ensure IPX7 sealing and easy access for replacement, avoiding glue. Specify battery chemistry with high recyclability and ethical sourcing."
User Experience: Ergonomics and Comfort,"Quantify handle weight and balance. For grip accents, explore sustainable materials like cork or natural rubber only if their sourcing, durability, and end-of-life separation are well-defined and do not compromise recyclability. Ensure ergonomic shapes are achievable with standard injection molding processes and do not require complex tooling or secondary operations that increase cost or waste."
User Experience: Intuitive Operation and Feedback,"For feedback mechanisms, prioritize simple LED indicators for mode and battery status. If haptic feedback is included, ensure the motor control and PCB complexity are justified by user benefit and do not add significant environmental burden. Evaluate the material impact of any electronic components and their housing."
Durability and Reliability,"Quantify expected lifespan in years and brushing cycles for the motor and battery. Specify impact resistance targets. The IPX7 rating must be achieved through robust sealing methods that do not impede disassembly (e.g., O-rings, mechanical seals, not permanent adhesives). Design for repairability by minimizing the use of glue and ultrasonic welding, favoring mechanical fasteners."
Aesthetics and Design Appeal,"Specify low-VOC coatings and natural dyes where finishes are required. Minimize the number of different material finishes and types to aid disassembly and recycling. Aesthetic goals must be achievable with standard manufacturing processes and materials, avoiding overly complex designs or premium finishes that significantly increase production costs and environmental impact."
Power Source: Rechargeable Battery,"Specify the battery chemistry (e.g., Li-ion with high recycled content) and its recyclability. The battery compartment must be designed for easy, tool-less or minimal-tool user replacement, ensuring it does not compromise the product's overall sealing or structural integrity. Detail plans for responsible battery recycling or take-back."
Charging Mechanism: Inductive Charging,"Specify quantifiable targets for the energy efficiency of the charging base (standby power consumption < 0.5W, charging conversion efficiency > 80%). The charging base must be designed for easy disassembly using mechanical fasteners, prioritizing mono-materials for its housing and components to facilitate end-of-life recycling. Specify sustainable materials for the base and cable."
Brush Head Technology: Sustainable Bristles and Design,"Specify the exact material for bristles (e.g., castor bean oil-based nylon, cellulose-based polymers) and its biodegradability standard (e.g., home compostable, industrial compostable). The brush head housing must be designed as a mono-material or easily separable components, utilizing mechanical fasteners or snap-fits for assembly, avoiding adhesives. The design must facilitate easy disassembly by the user for proper disposal or recycling of components. Specify a target lifespan for the brush head (e.g., 3 months) and ensure performance comparable to conventional bristles."
Safety: Electrical and Material Safety,"Explicitly state the avoidance of BPA, phthalates, heavy metals, and persistent organic pollutants in all materials. Ensure all materials in contact with the mouth are food-grade. Scrutinize material origins for potential contaminants. Compliance with relevant safety standards (e.g., IEC 60335) is mandatory."
Maintenance and Cleaning,"Ensure chosen sustainable materials are resistant to microbial growth and staining, with smooth, non-porous surfaces. Design to minimize 'nooks and crannies' to reduce the need for harsh cleaning agents. Design for easy disassembly of parts that require cleaning (e.g., brush head connection) using mechanical means."
Product Lifecycle Management: End-of-Life Disposal/Recycling Program,"The product must be designed for easy disassembly using mechanical fasteners (screws, snap-fits) and avoid glues/ultrasonic welding. This design approach is fundamental to enable an effective and cost-efficient take-back program. Provide clear, accessible instructions for users on how to participate in the take-back program and prepare the product for return. Detail logistics and partnerships for responsible recycling of collected components, especially batteries and electronics."
Cost of Ownership,"Ensure that sustainable material choices and design features are cost-effective. Balance the initial BOM cost with product lifespan and the cost of replacement parts (e.g., brush heads). The target cost for replacement brush heads must be competitive to encourage continued use of the sustainable product."
Noise Level,"Target a specific noise level (e.g., < 60 dB) achievable through optimized motor quality and internal design. Prioritize sustainable sound-dampening solutions. If achieving very low noise levels requires significantly expensive or unsustainable methods, a slightly higher, acceptable noise level will be tolerated, provided it is clearly communicated to the user."
Ease of Disassembly,"Explicitly mandate the avoidance of glues, adhesives, and ultrasonic welding for all component assemblies. Rely on mechanical fasteners such as snap-fits and screws that allow for easy separation without damaging components. Prioritize mono-material components and modular design to facilitate reuse, repair, remanufacturing, and recycling at end-of-life. This is a fundamental requirement for all product elements."
