Conflict,Decision,Rationale
"Material & Design Expert suggests exploring alternative, more sustainable blade materials or coatings (e.g., advanced ceramics, bio-based composites) or ensuring very high recycled content steel. Production Engineer prioritizes simpler, robust, cost-effective mechanisms and materials, noting that complex materials or high recycled content can increase cost and manufacturing complexity.","Prioritize high-strength, durable steel with a very high recycled content for the cutting blade, ensuring it is easily resharpenable. Explore eco-friendly, non-toxic corrosion resistance treatments.","While advanced ceramics or bio-composites are interesting from a material sustainability perspective, their feasibility, performance, and manufacturability for a high-impact component like a lawn mower blade are not sufficiently proven or cost-effective for mass production at this stage. High-strength steel with high recycled content offers a balance of performance, durability, and improved sustainability over virgin steel, and is a well-understood manufacturing process. Eco-friendly corrosion resistance is feasible and aligns with sustainability goals without compromising performance."
"Material & Design Expert suggests considering bio-based or biodegradable plastics for non-structural components, while Production Engineer warns that recycled plastics can be inconsistent, require more rigorous testing, and virgin plastics are easier to mold and more predictable. Material & Design Expert also notes that actual recyclability in municipal streams is crucial.","Specify high-quality, post-consumer recycled (PCR) plastics (HDPE, PP) for the chassis and body, with a minimum target of 70% PCR content. Ensure these plastics are UV-stabilized and impact-resistant. For non-structural components where performance allows, explore bio-based plastics if they meet durability and recyclability requirements, but prioritize PCR plastics for consistency and proven recyclability.","The primary goal is to maximize recycled content and ensure actual recyclability. While bio-based plastics are a good long-term goal, their performance, cost, and widespread recyclability are still developing. High-quality PCR plastics offer a more immediate and reliable sustainability improvement over virgin plastics, and addressing their consistency through material specifications and testing is an engineering feasibility challenge that can be overcome. Prioritizing PCR for structural components ensures durability and manufacturability."
"Material & Design Expert pushes for minimizing plastic volume through intelligent design and material thickness reduction, while Production Engineer warns that overly complex shapes for aesthetics increase tooling costs and cycle times, and that robust designs for core components are more cost-effective than complex modules.","Optimize plastic component design for minimal material usage through structural analysis (e.g., ribbing, thickness optimization) without compromising durability or impact resistance. Balance aesthetic complexity with manufacturability, prioritizing simpler forms that are easier to mold with recycled plastics and reduce tooling costs. Ensure core components are robust and simple.","Minimizing material is a key sustainability goal. This can be achieved through intelligent design and engineering analysis. However, it must be balanced with manufacturability and cost. Complex shapes increase production costs. Therefore, a pragmatic approach is to use engineering to optimize material use within feasible manufacturing constraints. Robust, simple designs for core components are more sustainable in the long run due to higher reliability and lower failure rates."
"Material & Design Expert suggests exploring battery chemistries with less problematic raw material dependencies, while Production Engineer emphasizes the cost and complexity of non-standard battery systems and the need for readily available suppliers.","Specify standard, commercially available lithium-ion battery chemistries that are known for good energy density and lifespan. Prioritize sourcing these batteries from suppliers with robust ethical and environmental standards for raw material extraction. Design the battery pack for modularity and ease of replacement, and ensure it facilitates efficient end-of-life recycling.","While exploring novel battery chemistries is a long-term research goal, for a product launch, it is essential to use proven, readily available, and cost-effective battery technology. The immediate sustainability gain comes from responsible sourcing and robust end-of-life management, rather than relying on unproven chemistries that may compromise performance or availability. Modularity and recyclability are critical for managing the lifecycle impact of Li-ion batteries."
"Material & Design Expert suggests designing for easy disassembly, potentially using snap-fits instead of adhesives, and specifying standardized fasteners. Production Engineer notes that complex folding mechanisms can be a source of failure and add cost, and that custom solutions for controls increase cost.","Design for easy disassembly using standardized, easily accessible fasteners and minimizing the use of adhesives. For folding mechanisms and controls, prioritize robust, simple designs that use standard components where possible, ensuring they are durable and repairable. Tool-free disassembly for key components should be a design target.","Ease of disassembly is critical for end-of-life recycling and repairability, which are key sustainability drivers. While complex mechanisms can add cost and failure points, robust and simple designs using standard parts can achieve both ease of disassembly and reliability. The focus should be on making disassembly straightforward for the user or recycler, not necessarily on complex, multi-function mechanisms that are difficult to maintain."
"Material & Design Expert emphasizes the need for detailed repairability metrics and affordable spare parts for extended repairability. Production Engineer highlights that design for repairability can be at odds with cost-effectiveness in mass production, and that 'repairable' needs practical definition.","Define 'repairable' as enabling easy access and replacement of key wear parts (e.g., blade, battery, motor, wheels) using standard tools and readily available spare parts. Ensure spare parts are available for at least 7 years post-production. Focus on robust design for core components to minimize the need for repair, and provide clear user-friendly repair instructions.","While a high repairability index is desirable, it must be balanced with production cost and feasibility. The chosen approach focuses on practical repairability for common issues, ensuring the product's lifespan is extended without prohibitive costs. Availability of spare parts and clear instructions are crucial for enabling this."
"In-Service Expert stresses the importance of spare parts availability for 'right to repair' and product longevity, while Production Engineer is concerned about the cost and logistical burden of maintaining spare parts inventory for extended periods.","Ensure spare parts for key wear components (blade, battery, motor, wheels, handle mechanism) are available for a minimum of 7 years after the product's discontinuation. Prioritize standardization of these parts to simplify inventory management and reduce costs.","Extended spare parts availability is a critical sustainability feature that supports product longevity and the 'right to repair'. While it presents logistical challenges, standardizing critical components and focusing on a defined set of wear parts makes this achievable and cost-effective in the long run, aligning with the product's lifecycle sustainability goals."
"Circularity Expert suggests exploring bio-based plastics and single-polymer types for easier recycling, while Production Engineer points to the cost and manufacturing challenges of non-standard materials and the need for predictable material properties.","Prioritize the use of high-quality post-consumer recycled (PCR) plastics (HDPE, PP) for the chassis and body, targeting a minimum of 70% PCR content. Ensure these are single-polymer types where feasible. For components where performance and consistency are critical, use virgin plastics with clear specifications for recyclability. Explore bio-based plastics for non-critical components if they meet performance and recyclability standards.","The immediate goal is to maximize the use of recycled content and ensure actual recyclability. PCR plastics offer a proven path to this. While bio-based plastics are a future direction, their widespread recyclability and performance are still developing. Focusing on single-polymer types and clear material identification for PCR plastics will facilitate easier sorting and recycling, balancing immediate sustainability gains with manufacturing feasibility."
"Circularity Expert emphasizes a 'future resource bank' aspect for batteries, suggesting repurposing for energy storage. Production Engineer focuses on the cost and complexity of non-standard battery systems and the need for readily available suppliers.","Design the battery pack for modularity and ease of replacement. Ensure the battery chemistry is a standard, commercially available type. Prioritize sourcing from suppliers with ethical and environmental standards. The battery pack design should facilitate disassembly for efficient material recovery and recycling. While second-life applications are a desirable future goal, the primary focus for this product will be on responsible end-of-life recycling.","While repurposing batteries for energy storage is a valuable circular economy concept, it adds significant complexity and cost to the product design and ecosystem management. For this product, the immediate priority is to ensure the battery is designed for efficient recycling and that standard, ethically sourced batteries are used. This provides a more achievable sustainability goal for the initial product launch."
"Circularity Expert requires the design to facilitate material sorting at end-of-life, avoiding mixed materials and complex assemblies. Production Engineer notes that complex curves and shapes for aesthetics can be difficult to mold, especially with recycled plastics, and that over-engineering dual-mode functionality adds parts and assembly steps.","Design for ease of disassembly using standardized fasteners and minimizing adhesives. Avoid mixed materials and complex assemblies where possible. For functional features like mulching/bagging, prioritize robust, simple designs that use single-material components and are easily separable. Balance aesthetic appeal with manufacturability and material simplicity.","Facilitating material sorting and disassembly is crucial for circularity. This requires conscious design choices to avoid complexity and mixed materials. While aesthetics are important, they should not compromise the product's end-of-life recyclability. Simple, robust designs for functional components are more sustainable and manufacturable."
In-Service Expert highlights the need for smart features that optimize power delivery based on grass density. Production Engineer is concerned about the added complexity and cost of such features.,"Implement a motor controller that provides optimized power delivery based on load, rather than a constant high output. This should be achieved through efficient motor control algorithms and sensors that are cost-effective and reliable, without adding excessive complexity.","Optimizing power delivery based on load directly improves energy efficiency during use, a key sustainability metric. While advanced smart features can be costly, efficient motor control algorithms are a feasible and cost-effective way to achieve this, balancing sustainability with production feasibility."
Material & Design Expert suggests exploring bio-based or biodegradable plastics for non-structural components. Production Engineer notes that virgin plastics are easier to mold and more predictable. Circularity Expert pushes for single-polymer types and bio-based plastics.,"Prioritize the use of high-quality post-consumer recycled (PCR) plastics (HDPE, PP) for the chassis and body, targeting a minimum of 70% PCR content. Ensure these are single-polymer types where feasible. For non-structural components where performance and durability can be guaranteed, explore bio-based or biodegradable plastics if they meet recyclability standards and can be reliably manufactured.","The primary goal is to maximize recycled content and ensure actual recyclability. High-quality PCR plastics offer a proven path to this. Bio-based/biodegradable plastics are a good long-term goal, but their widespread recyclability and performance are still developing. Focusing on PCR plastics for structural components ensures durability and manufacturability, while exploring bio-based options for non-critical parts allows for innovation where feasible."
